Booking_ID,Actual_Booking_type,Predicted_Booking_type
INN04969,0,0
INN34541,0,0
INN36109,0,0
INN01554,1,1
INN24975,0,0
INN27080,0,0
INN29146,1,1
INN05926,0,0
INN17356,0,0
INN25284,0,0
INN28043,0,0
INN00264,1,1
INN36020,0,0
INN05558,1,1
INN07365,0,0
INN35759,0,0
INN24606,0,0
INN14613,0,0
INN00927,1,1
INN03156,0,0
INN18684,0,0
INN24976,0,0
INN02773,0,0
INN09126,0,0
INN23806,0,0
INN05911,0,0
INN10744,1,1
INN18155,0,0
INN01732,0,0
INN28020,0,0
INN11177,0,0
INN24767,0,0
INN24168,0,0
INN17657,1,0
INN19937,0,0
INN10005,1,0
INN19470,0,0
INN03227,0,0
INN20723,1,0
INN32020,0,0
INN04254,0,0
INN06188,1,0
INN19814,1,0
INN26451,1,1
INN07030,0,0
INN34873,0,1
INN27817,1,1
INN32177,1,1
INN05866,1,1
INN12355,0,0
INN27652,0,0
INN27153,0,0
INN35279,1,1
INN16005,1,1
INN12990,0,0
INN24073,0,0
INN33637,0,0
INN13485,1,0
INN16436,1,1
INN34987,1,1
INN14263,0,0
INN35353,0,0
INN00269,1,1
INN32425,0,0
INN27275,0,0
INN35034,0,0
INN34452,0,0
INN35113,0,0
INN34588,0,0
INN07616,0,1
INN26088,1,1
INN09286,1,1
INN32284,0,0
INN13788,0,0
INN03704,1,1
INN21855,0,0
INN16700,1,1
INN30579,0,0
INN07578,0,1
INN05758,0,0
INN31672,0,0
INN00084,0,1
INN15712,1,1
INN21926,0,0
INN07318,1,1
INN22391,1,0
INN34753,0,0
INN10927,0,0
INN07802,0,0
INN06082,1,1
INN05187,0,0
INN10952,1,0
INN16320,1,0
INN18055,1,1
INN02266,0,0
INN33046,0,0
INN33753,0,0
INN35475,1,1
INN14908,1,1
INN35795,0,0
INN35668,0,0
INN19700,1,1
INN35228,1,0
INN12325,0,0
INN13499,0,0
INN22534,1,1
INN31212,0,0
INN33520,0,0
INN15795,0,0
INN12712,1,1
INN07104,1,1
INN27400,0,0
INN31525,1,0
INN18168,0,0
INN23731,1,1
INN13833,1,1
INN28228,0,0
INN24517,0,0
INN15483,0,0
INN20700,0,0
INN02650,1,1
INN13261,0,0
INN30788,1,0
INN15499,0,0
INN02562,1,0
INN29761,0,0
INN35910,0,0
INN15337,1,1
INN00071,0,0
INN10545,0,0
INN16346,0,0
INN08566,1,0
INN12010,0,0
INN24714,0,0
INN04916,1,1
INN30066,1,1
INN29665,1,0
INN31774,0,0
INN13827,0,0
INN00466,1,1
INN16884,1,1
INN06217,0,0
INN18504,1,0
INN05180,0,0
INN08039,0,1
INN00313,0,0
INN04700,0,0
INN16731,1,0
INN06066,0,0
INN05573,1,1
INN11238,0,0
INN14218,0,0
INN26488,1,1
INN26079,0,0
INN35612,1,0
INN31168,1,1
INN13144,0,0
INN02792,0,0
INN34087,0,0
INN29578,1,1
INN23190,0,0
INN01158,0,0
INN02555,1,1
INN21625,0,0
INN28268,0,0
INN21241,1,0
INN19859,0,0
INN01683,1,1
INN09949,1,1
INN09808,1,0
INN29709,1,1
INN03894,0,0
INN05839,1,1
INN03029,0,0
INN18224,0,0
INN03980,0,1
INN13731,0,0
INN22867,1,1
INN20326,0,0
INN02970,1,0
INN11661,0,0
INN26818,1,1
INN26174,0,0
INN14495,0,0
INN35656,0,0
INN29208,0,1
INN06268,0,0
INN10870,0,0
INN15640,0,0
INN34774,0,0
INN17039,0,0
INN24361,0,0
INN11077,0,0
INN30989,1,1
INN16314,0,0
INN16829,1,0
INN28490,0,0
INN08181,0,0
INN12627,0,0
INN10390,0,0
INN07340,0,1
INN23221,0,0
INN24006,0,0
INN06869,1,1
INN29356,0,0
INN23147,0,0
INN14364,0,0
INN31585,1,1
INN20551,1,1
INN13609,0,0
INN00274,0,0
INN33001,0,0
INN09998,0,0
INN10313,0,0
INN29439,1,1
INN00472,0,0
INN21407,0,0
INN08669,1,1
INN29849,0,0
INN29382,0,0
INN34473,0,0
INN26219,1,1
INN05708,1,1
INN13039,0,0
INN09593,0,0
INN32723,0,0
INN25064,0,0
INN25451,1,1
INN16358,0,0
INN31235,0,0
INN30234,0,0
INN08364,1,1
INN25291,0,0
INN14285,0,0
INN33508,1,1
INN31027,0,0
INN22513,0,0
INN01427,1,1
INN25173,0,0
INN07410,0,0
INN08944,0,0
INN07450,0,0
INN23336,0,0
INN00429,0,0
INN09737,0,0
INN12081,0,0
INN27086,1,0
INN01913,0,1
INN05219,1,0
INN00726,0,0
INN20387,0,0
INN08691,0,0
INN28625,0,0
INN33466,1,1
INN04309,0,1
INN28105,1,1
INN25383,0,0
INN26142,1,0
INN32384,0,0
INN18556,0,0
INN02901,1,1
INN02030,0,0
INN29069,1,1
INN34358,0,0
INN22532,0,0
INN01428,0,0
INN23630,0,0
INN28975,0,0
INN15484,1,1
INN17992,1,1
INN27024,0,0
INN17475,0,0
INN06283,1,0
INN28067,0,0
INN09999,0,0
INN10649,1,1
INN28239,0,1
INN21378,0,0
INN25490,0,0
INN21472,1,1
INN30471,0,0
INN33507,0,0
INN26297,0,0
INN03057,0,0
INN26999,0,0
INN31615,0,0
INN12250,0,1
INN18579,0,0
INN25639,1,1
INN33957,1,0
INN03841,0,0
INN21145,0,0
INN11569,0,0
INN21762,1,1
INN18427,0,0
INN04141,1,1
INN01762,1,1
INN00097,1,1
INN24870,0,0
INN34008,0,0
INN33511,0,0
INN30618,0,0
INN34749,0,0
INN33193,0,0
INN25873,0,1
INN26663,0,0
INN21579,1,1
INN31014,0,0
INN02944,0,0
INN06915,1,1
INN11989,1,1
INN19058,0,0
INN05987,1,1
INN35018,0,0
INN35079,0,0
INN13596,0,1
INN33039,0,0
INN19855,0,0
INN22127,1,0
INN26548,0,0
INN16027,0,0
INN20533,1,1
INN07050,0,0
INN22715,1,1
INN26494,1,1
INN18435,0,0
INN13643,1,1
INN23491,1,1
INN15926,0,0
INN35698,1,1
INN21014,1,1
INN02983,1,1
INN13721,0,0
INN01454,0,0
INN24636,0,0
INN06966,0,0
INN35306,1,0
INN20882,0,0
INN07987,0,0
INN00145,0,0
INN18380,0,0
INN34025,0,0
INN21248,1,1
INN26468,0,0
INN08547,1,1
INN17682,0,0
INN08929,0,0
INN23874,0,0
INN21076,0,1
INN29400,1,0
INN00960,0,0
INN00041,0,0
INN08249,0,0
INN24581,1,1
INN25235,0,0
INN35757,1,1
INN35577,1,0
INN02993,0,0
INN27420,0,0
INN14978,0,0
INN22762,1,0
INN09572,1,1
INN22462,0,0
INN02533,1,1
INN25943,0,0
INN12789,1,1
INN06316,0,0
INN28108,1,1
INN04306,0,0
INN36237,0,0
INN27675,0,0
INN00076,0,0
INN22139,1,1
INN04741,1,0
INN35923,0,0
INN01662,0,0
INN31249,1,1
INN23946,0,0
INN18405,0,0
INN13453,0,0
INN21212,0,0
INN30649,0,0
INN05116,0,0
INN26874,0,0
INN28050,0,0
INN27594,0,0
INN23752,1,0
INN20918,0,0
INN28613,0,0
INN35510,0,0
INN02112,1,1
INN01537,0,0
INN02358,0,0
INN14016,1,1
INN05227,1,1
INN09086,0,0
INN34978,1,1
INN08853,1,1
INN35860,0,0
INN02497,1,1
INN29432,1,1
INN05628,1,0
INN34779,0,0
INN12561,1,1
INN10497,0,0
INN08493,1,0
INN20388,1,0
INN28654,0,0
INN01708,0,0
INN35672,1,1
INN15833,0,0
INN33082,0,0
INN36063,1,1
INN20785,0,0
INN12054,0,0
INN26012,0,0
INN01497,1,0
INN14434,1,1
INN25310,1,1
INN31899,0,0
INN26696,0,0
INN22146,0,0
INN12580,0,0
INN22939,0,0
INN23537,0,0
INN16430,0,0
INN27703,0,0
INN09734,0,0
INN08441,1,1
INN10505,0,0
INN24127,0,1
INN29469,1,1
INN02800,0,0
INN12234,1,0
INN28359,0,0
INN25866,1,1
INN16049,0,0
INN16502,0,0
INN22007,0,0
INN03663,0,0
INN10672,0,0
INN13105,1,1
INN03706,0,0
INN31228,1,1
INN16543,0,0
INN18124,0,0
INN30539,0,0
INN18195,0,0
INN18487,1,1
INN25081,0,0
INN00844,1,0
INN07666,0,0
INN18984,1,1
INN32087,0,0
INN23680,0,0
INN10647,0,0
INN35165,1,0
INN22401,0,0
INN15485,1,0
INN18567,1,0
INN33031,0,0
INN35516,0,0
INN31543,0,0
INN21090,1,0
INN24791,0,0
INN09285,1,0
INN33248,0,0
INN14116,1,0
INN24441,0,0
INN11766,0,0
INN35823,0,0
INN16042,1,1
INN32338,0,1
INN20496,0,0
INN34280,1,1
INN24242,0,0
INN04946,0,0
INN34486,0,0
INN21056,0,0
INN17985,1,1
INN01289,0,0
INN14496,0,0
INN04742,1,1
INN27547,0,0
INN22134,1,1
INN28198,1,1
INN20893,1,0
INN24869,0,0
INN27807,0,0
INN25027,1,0
INN13227,0,0
INN17129,1,1
INN33590,0,0
INN17990,0,0
INN32244,0,0
INN11655,0,0
INN13824,0,0
INN15759,1,1
INN13131,0,1
INN06563,1,1
INN05374,0,0
INN12182,1,1
INN17838,0,0
INN34336,0,0
INN34780,1,0
INN23598,0,0
INN18181,1,1
INN12587,0,0
INN18886,0,0
INN00062,0,0
INN35615,0,0
INN21809,0,1
INN08224,1,0
INN09528,0,0
INN20474,0,0
INN28172,1,1
INN34703,0,1
INN24872,1,1
INN09939,1,0
INN13910,1,1
INN14857,0,0
INN06934,0,0
INN33502,0,0
INN00880,0,0
INN11263,1,0
INN21909,0,0
INN20959,1,1
INN31851,1,1
INN13723,0,0
INN00843,0,0
INN21987,0,0
INN21717,0,0
INN07577,1,1
INN15268,0,0
INN23080,0,0
INN20500,1,1
INN15396,0,1
INN16318,0,0
INN31854,1,0
INN14160,1,1
INN22538,0,0
INN35673,0,0
INN29672,0,0
INN33224,0,0
INN20269,0,0
INN06189,0,0
INN07252,0,0
INN05087,0,0
INN19899,1,1
INN03917,1,1
INN20497,0,0
INN21332,1,0
INN07496,0,0
INN00912,0,0
INN16676,0,1
INN11000,1,1
INN13316,0,0
INN23539,1,1
INN35760,0,0
INN35115,1,1
INN26569,0,0
INN32385,0,0
INN20213,1,0
INN31726,1,1
INN26567,0,0
INN20353,0,0
INN22808,0,0
INN02056,0,0
INN01671,0,0
INN01046,0,0
INN20265,0,0
INN17434,0,0
INN02343,1,1
INN29826,0,1
INN04450,0,0
INN01711,0,0
INN20713,0,0
INN01435,0,0
INN17093,0,0
INN19233,0,0
INN12794,1,0
INN24471,0,0
INN17551,0,0
INN22802,0,0
INN15469,0,0
INN13368,0,0
INN12224,0,0
INN36060,0,0
INN22145,0,0
INN20577,0,0
INN27018,1,1
INN32694,1,0
INN09578,1,0
INN33547,1,0
INN35524,1,1
INN25805,1,1
INN23211,0,0
INN20483,1,0
INN34924,1,0
INN13099,0,0
INN04642,0,0
INN30780,1,0
INN01333,1,0
INN16598,1,1
INN26576,0,0
INN05690,1,1
INN14799,1,1
INN35745,1,1
INN11538,0,0
INN02542,1,0
INN07347,1,1
INN30283,0,0
INN26743,0,0
INN24253,1,0
INN03549,0,0
INN33709,1,1
INN03001,0,0
INN05153,0,0
INN32804,0,0
INN26046,0,0
INN09930,0,0
INN34498,1,0
INN13534,0,0
INN32788,0,0
INN10275,0,0
INN01589,1,1
INN13431,0,0
INN14682,0,0
INN30024,1,0
INN28220,0,0
INN03569,1,1
INN34317,0,0
INN36136,0,0
INN31449,1,1
INN26572,0,0
INN14979,0,0
INN16038,0,0
INN09724,0,0
INN14632,1,0
INN32902,0,0
INN33944,0,0
INN16473,0,0
INN12894,0,0
INN07871,1,1
INN26370,0,0
INN15429,0,0
INN29695,0,0
INN07730,1,1
INN20967,0,1
INN12167,0,0
INN14935,0,0
INN28393,0,0
INN32532,0,0
INN27721,0,0
INN01044,0,0
INN02214,1,0
INN14559,0,0
INN15861,1,0
INN13469,0,0
INN30703,0,0
INN14871,0,0
INN18238,1,1
INN02831,0,0
INN00005,1,1
INN27320,1,0
INN11686,0,0
INN11477,1,1
INN32675,0,0
INN12903,1,1
INN25043,1,1
INN12285,0,0
INN19037,1,0
INN03387,0,0
INN24586,1,0
INN00648,0,0
INN12755,0,1
INN06225,1,1
INN13565,1,0
INN10995,1,1
INN27411,0,0
INN06149,1,1
INN26862,0,0
INN32602,0,0
INN25687,1,1
INN03106,0,0
INN07271,1,1
INN03821,0,0
INN19091,0,0
INN21536,0,0
INN28612,0,0
INN26157,1,1
INN33086,0,0
INN26261,0,0
INN20034,0,0
INN09303,0,0
INN20572,0,0
INN29844,0,0
INN22132,1,1
INN30805,0,1
INN21744,0,1
INN25598,0,0
INN32885,1,1
INN17302,0,0
INN31635,0,0
INN17665,1,1
INN32095,1,0
INN14056,0,0
INN31957,0,0
INN31382,1,0
INN28070,0,0
INN12833,1,1
INN28104,0,0
INN22110,0,0
INN35077,0,0
INN21817,0,0
INN23139,0,0
INN30986,0,1
INN34508,0,0
INN03579,0,0
INN22637,0,0
INN33947,1,1
INN10147,1,1
INN28106,0,0
INN29373,0,0
INN14919,0,0
INN09779,0,0
INN19411,0,0
INN10802,0,0
INN15189,0,0
INN09431,0,0
INN14783,0,0
INN02297,1,1
INN15057,0,0
INN17582,0,0
INN26551,0,1
INN01189,0,0
INN20730,0,0
INN34027,0,0
INN02465,0,1
INN13760,1,1
INN27410,1,1
INN19084,0,0
INN17606,1,0
INN06848,0,0
INN07823,0,1
INN29308,0,0
INN24674,0,0
INN11571,0,0
INN10124,1,1
INN04266,0,0
INN16580,1,1
INN35583,0,0
INN21209,0,0
INN25774,0,0
INN18026,0,0
INN22905,1,1
INN03161,0,0
INN36021,0,0
INN00609,0,1
INN07535,0,0
INN00929,1,1
INN11001,0,0
INN02278,0,0
INN01347,0,0
INN07647,0,1
INN06861,0,0
INN21031,1,0
INN12783,0,0
INN18964,0,0
INN20154,1,1
INN03417,0,0
INN21860,0,0
INN14823,0,0
INN21659,0,0
INN11041,1,0
INN33890,0,0
INN05343,0,0
INN04422,0,0
INN10469,0,0
INN10091,1,0
INN11675,1,1
INN27159,0,0
INN28149,0,0
INN04856,1,0
INN19721,0,0
INN27345,0,0
INN07328,0,0
INN06165,0,0
INN32975,1,0
INN13868,0,0
INN06495,0,0
INN25591,0,0
INN03105,0,0
INN27764,1,0
INN33087,0,0
INN18680,1,1
INN22037,0,0
INN03350,1,1
INN01484,0,0
INN31062,1,1
INN03793,0,0
INN05741,0,0
INN07760,0,1
INN12597,1,1
INN14626,0,0
INN05534,1,1
INN31295,0,0
INN15666,0,0
INN01399,0,0
INN19121,0,0
INN08575,1,1
INN12247,0,0
INN13888,0,1
INN16029,0,0
INN03915,0,0
INN01759,1,1
INN11190,0,0
INN30930,0,0
INN10633,0,0
INN11830,0,0
INN31859,0,0
INN08083,0,0
INN08726,0,0
INN08356,1,1
INN15269,0,0
INN32713,1,1
INN21514,1,1
INN08286,1,0
INN01794,0,1
INN29226,0,0
INN06232,0,0
INN12910,0,1
INN03212,0,0
INN33806,0,0
INN04731,1,1
INN16249,0,0
INN21735,0,0
INN10889,0,0
INN15160,1,1
INN26360,0,0
INN28342,0,0
INN30011,0,0
INN08921,0,1
INN26772,0,1
INN07725,0,0
INN01417,0,0
INN34306,1,0
INN07095,1,1
INN33289,0,0
INN33717,0,0
INN09173,1,1
INN05461,1,0
INN13846,0,0
INN03634,0,0
INN18737,1,1
INN17282,1,1
INN23708,1,1
INN22796,0,0
INN28599,0,1
INN19033,0,0
INN33974,1,0
INN19392,1,0
INN25166,1,1
INN36149,0,0
INN27332,1,1
INN04161,0,0
INN18666,1,1
INN11794,0,0
INN30938,1,0
INN29569,1,1
INN01254,0,0
INN00312,0,0
INN27364,0,0
INN11779,1,1
INN31181,1,0
INN06435,1,0
INN24897,0,0
INN25382,0,0
INN32333,0,0
INN12540,1,0
INN13784,1,1
INN34042,0,1
INN14472,0,0
INN08980,0,0
INN07595,1,1
INN31229,0,0
INN30194,1,1
INN17572,1,0
INN22518,0,1
INN13915,0,0
INN27096,0,0
INN07500,0,1
INN21463,0,0
INN18862,0,0
INN06044,0,0
INN04153,0,0
INN14565,0,0
INN12084,0,0
INN06253,0,1
INN06525,1,1
INN20078,0,0
INN15413,1,1
INN26751,1,0
INN26664,1,0
INN29697,0,0
INN27787,1,0
INN35537,0,0
INN20271,0,0
INN15212,0,0
INN17708,0,0
INN17092,1,1
INN30049,1,1
INN23687,0,0
INN25208,1,1
INN11083,1,1
INN23578,1,1
INN21648,0,1
INN15354,0,0
INN20302,0,0
INN14687,1,0
INN01772,0,0
INN18645,1,1
INN16471,1,0
INN22503,1,1
INN06897,0,0
INN01488,0,0
INN00968,0,0
INN21604,0,0
INN09565,0,0
INN11809,0,0
INN12851,1,1
INN11752,1,1
INN22811,0,0
INN11828,0,0
INN25434,0,0
INN01830,0,0
INN32493,1,0
INN21528,1,1
INN27401,0,0
INN16663,0,0
INN31078,0,0
INN15794,1,1
INN09041,0,0
INN00014,1,0
INN00994,1,1
INN33300,1,0
INN23086,0,0
INN01053,0,0
INN25665,0,0
INN22213,0,0
INN04772,1,1
INN01292,1,1
INN01787,0,0
INN28443,0,0
INN20527,0,0
INN12201,0,0
INN11734,1,1
INN15896,0,0
INN06046,0,0
INN31727,1,0
INN10280,0,0
INN30182,0,0
INN07581,0,0
INN08526,0,0
INN17076,0,0
INN26619,0,0
INN33459,0,0
INN00711,1,1
INN10573,0,0
INN06530,0,0
INN24522,0,0
INN33391,1,1
INN00502,0,0
INN30899,0,0
INN04904,0,0
INN11975,0,0
INN13244,0,0
INN15835,0,0
INN06536,1,1
INN28936,0,0
INN27895,0,0
INN13925,1,1
INN10414,0,0
INN08241,0,0
INN22131,0,0
INN08506,0,0
INN08257,0,0
INN08179,1,0
INN30079,0,0
INN19609,0,0
INN04204,0,0
INN06182,0,0
INN05158,1,1
INN18868,0,1
INN32129,0,0
INN24929,0,1
INN20278,0,0
INN02309,0,0
INN27958,0,0
INN18482,0,0
INN09705,0,0
INN35408,0,1
INN25211,1,1
INN08867,0,0
INN07092,1,0
INN03129,1,1
INN23103,1,1
INN09052,1,1
INN34453,0,1
INN17996,0,0
INN19550,0,0
INN32198,0,0
INN23331,0,0
INN11964,0,0
INN32429,0,0
INN06613,0,0
INN29369,1,1
INN33177,0,0
INN21451,0,0
INN24232,1,1
INN29257,1,1
INN33125,0,0
INN30008,0,0
INN01577,1,1
INN14804,0,0
INN19894,0,0
INN25826,0,0
INN20993,1,0
INN26481,0,0
INN06205,0,0
INN24839,0,0
INN19265,1,0
INN25357,1,0
INN32059,0,0
INN24449,1,1
INN06754,1,0
INN12661,1,1
INN30339,0,0
INN34182,0,0
INN28913,0,0
INN16675,0,0
INN30771,1,1
INN22569,0,0
INN17910,1,1
INN28805,0,0
INN19610,1,1
INN21380,0,0
INN07396,1,1
INN22330,1,1
INN04919,0,0
INN24343,0,0
INN09384,0,0
INN16384,0,0
INN34628,1,1
INN29233,0,0
INN33456,0,1
INN27047,0,0
INN29459,0,0
INN14465,0,0
INN09050,1,1
INN05190,0,0
INN27189,0,0
INN05326,0,0
INN11283,0,0
INN15781,0,0
INN22683,0,0
INN18205,0,0
INN20681,1,0
INN25047,1,1
INN23218,0,0
INN31436,1,1
INN23857,0,0
INN27337,0,0
INN22461,0,0
INN30544,0,0
INN20508,0,1
INN32547,1,0
INN12369,1,1
INN16786,1,0
INN28394,0,0
INN33558,0,1
INN17441,0,0
INN15467,0,0
INN21487,0,0
INN00201,0,0
INN05125,1,1
INN30297,0,0
INN35669,1,1
INN19689,0,0
INN17522,0,0
INN36190,1,1
INN00397,0,0
INN29780,1,1
INN13174,0,0
INN22510,1,1
INN13530,0,0
INN29445,1,1
INN25576,0,0
INN20569,0,0
INN18506,0,0
INN13303,0,0
INN07801,1,0
INN13313,1,0
INN28086,1,1
INN35033,0,0
INN13794,0,0
INN04640,0,0
INN09038,0,0
INN02446,1,0
INN09799,0,0
INN02744,0,0
INN34846,1,1
INN20175,1,0
INN30620,0,0
INN13706,0,0
INN00370,1,1
INN19826,0,0
INN31429,0,0
INN14281,1,1
INN15321,0,0
INN20356,0,0
INN11223,1,1
INN28350,1,1
INN36076,0,0
INN10748,1,0
INN19671,1,0
INN04293,0,0
INN36045,0,1
INN18866,0,0
INN18419,0,0
INN33617,0,0
INN14805,1,0
INN33916,0,0
INN29752,0,1
INN01576,0,0
INN31272,1,1
INN15986,0,0
INN22353,0,0
INN20745,1,0
INN10960,0,0
INN25148,0,0
INN00897,0,0
INN18235,0,0
INN12366,0,1
INN23551,0,0
INN35039,0,0
INN22231,0,0
INN13798,1,1
INN00698,0,0
INN13340,0,0
INN11181,0,0
INN31128,1,1
INN32795,0,0
INN25780,0,0
INN19228,1,0
INN26489,0,0
INN03101,1,1
INN29307,1,0
INN31317,1,0
INN32501,0,0
INN01349,1,1
INN30360,0,0
INN31053,1,0
INN19833,0,0
INN11715,0,0
INN31307,0,0
INN34080,0,0
INN25076,0,0
INN27754,0,1
INN28222,0,0
INN05771,0,0
INN12086,0,0
INN11855,0,0
INN18153,1,1
INN22559,1,1
INN03733,0,0
INN29881,1,1
INN36151,0,0
INN30887,0,0
INN35274,0,0
INN30693,0,0
INN19647,1,1
INN29723,1,1
INN25329,1,1
INN34566,0,0
INN31178,0,0
INN08569,0,0
INN03699,0,0
INN02593,1,1
INN28954,0,0
INN35980,0,0
INN26914,0,0
INN06096,0,0
INN00481,1,1
INN28207,1,1
INN14447,1,1
INN02858,0,0
INN13239,0,0
INN34502,0,0
INN20205,0,0
INN08841,0,0
INN15273,0,1
INN12860,1,0
INN30041,0,0
INN33654,0,0
INN02044,1,0
INN28276,0,0
INN35826,0,1
INN03287,0,0
INN03827,1,0
INN05027,1,1
INN06748,0,0
INN07776,0,0
INN32164,1,0
INN08478,0,0
INN08613,0,0
INN28548,0,0
INN02956,0,0
INN29839,0,1
INN31989,1,1
INN14178,0,0
INN17914,1,0
INN32650,0,0
INN07110,1,1
INN06269,0,0
INN06866,0,0
INN16182,0,0
INN14911,0,0
INN03804,1,1
INN26544,0,0
INN07242,0,0
INN01808,0,1
INN13625,1,1
INN31355,1,1
INN02208,1,1
INN16046,0,0
INN09898,0,0
INN06907,1,1
INN06664,0,0
INN01279,0,0
INN17056,0,1
INN05293,1,0
INN27348,0,0
INN09745,1,0
INN01877,1,1
INN06880,1,0
INN17939,1,1
INN16097,1,0
INN11473,0,0
INN25909,1,1
INN08038,0,0
INN10824,0,0
INN11770,0,0
INN03064,0,0
INN11036,0,0
INN22993,0,0
INN35598,0,0
INN33101,1,1
INN23160,1,1
INN26122,1,1
INN26209,1,1
INN36260,0,0
INN31561,1,0
INN06419,0,0
INN01271,0,0
INN34294,1,0
INN26646,1,1
INN17476,0,0
INN01091,1,0
INN15903,0,0
INN18471,0,0
INN14119,0,0
INN01865,0,0
INN27934,0,1
INN05750,0,0
INN19115,0,0
INN05733,1,1
INN24293,0,0
INN09117,1,0
INN36212,0,0
INN19608,0,0
INN06015,0,0
INN17437,1,1
INN03068,0,0
INN14219,1,1
INN30069,1,0
INN00087,0,1
INN18876,1,1
INN18998,1,1
INN05611,0,0
INN03726,0,0
INN28970,0,0
INN05706,1,0
INN07546,1,1
INN29366,0,0
INN35250,0,0
INN22606,0,0
INN02880,0,0
INN03452,0,0
INN08815,1,1
INN04220,0,0
INN13149,0,1
INN25804,0,0
INN07213,0,0
INN31443,0,0
INN00280,0,0
INN25871,1,1
INN22812,1,0
INN07306,1,1
INN30960,1,0
INN21965,1,1
INN03357,0,0
INN29731,1,0
INN04449,0,0
INN08022,0,0
INN30254,0,1
INN06207,1,1
INN01733,0,0
INN35954,1,1
INN34967,0,0
INN02981,1,1
INN27793,0,0
INN21486,1,1
INN24888,0,0
INN15482,0,0
INN02305,1,1
INN20805,0,0
INN22183,0,0
INN25101,0,0
INN32028,0,1
INN35222,1,1
INN12670,0,0
INN16939,0,0
INN16187,1,1
INN03220,0,0
INN16918,0,0
INN00619,0,0
INN26665,0,0
INN32778,0,0
INN21441,0,0
INN03654,1,1
INN09862,0,0
INN20968,1,1
INN07758,1,0
INN08275,0,0
INN34899,0,1
INN00252,0,0
INN03194,0,0
INN25634,0,0
INN12378,1,1
INN03777,0,0
INN35293,1,1
INN11509,0,0
INN15686,0,0
INN18460,0,0
INN04083,0,0
INN12189,1,1
INN04470,0,0
INN02953,0,0
INN26233,0,0
INN28565,0,0
INN34192,0,0
INN03781,1,1
INN09193,0,0
INN29001,0,0
INN21983,0,0
INN22129,0,0
INN23319,0,0
INN23497,1,0
INN01228,0,0
INN32590,0,0
INN06627,1,1
INN18465,1,1
INN35129,0,0
INN31825,1,1
INN00735,0,0
INN06420,0,0
INN16090,0,0
INN09332,0,0
INN04572,0,0
INN16275,0,0
INN21229,0,0
INN08591,0,0
INN10595,1,1
INN35670,1,1
INN23451,1,1
INN03620,0,0
INN36055,0,0
INN19280,0,1
INN03054,0,0
INN23209,1,1
INN23766,0,0
INN32992,1,1
INN35468,0,0
INN00832,1,1
INN15193,1,1
INN35401,1,0
INN29297,0,0
INN16368,1,1
INN26324,0,0
INN28323,1,1
INN10360,0,0
INN14077,0,0
INN11496,0,0
INN36177,1,0
INN23694,1,1
INN09153,1,1
INN21356,1,0
INN06395,0,1
INN05012,1,1
INN28990,0,0
INN12904,1,0
INN31486,1,1
INN26345,0,0
INN20550,1,0
INN02868,0,1
INN33741,1,1
INN06947,0,0
INN23620,0,0
INN22460,1,1
INN12601,1,1
INN08238,1,0
INN35839,0,1
INN28392,0,0
INN19730,0,0
INN01183,1,0
INN27699,0,1
INN20538,1,1
INN00218,0,0
INN30316,0,0
INN18017,1,1
INN02035,1,1
INN06736,1,1
INN11294,0,0
INN28660,0,0
INN25900,0,0
INN02238,1,1
INN15287,0,0
INN25654,0,0
INN30602,1,1
INN11646,0,0
INN00944,0,0
INN22063,1,0
INN03426,0,0
INN30800,1,0
INN28202,0,0
INN33606,0,0
INN17637,1,1
INN29879,0,0
INN25263,0,0
INN19843,1,0
INN28963,1,0
INN22067,0,0
INN32869,1,1
INN08148,0,0
INN05663,0,0
INN24538,0,0
INN07561,0,1
INN08147,1,1
INN27518,0,0
INN34572,0,0
INN30629,1,1
INN27860,0,0
INN19380,0,0
INN35840,1,1
INN14161,0,0
INN01797,0,0
INN11547,0,0
INN01617,0,1
INN08518,0,1
INN08221,0,0
INN25723,1,1
INN13333,0,0
INN04811,0,0
INN22770,1,0
INN25656,0,0
INN15169,0,0
INN08556,1,1
INN08505,0,0
INN08294,1,1
INN22013,0,0
INN34888,0,0
INN20297,1,1
INN12053,0,0
INN17984,0,0
INN23405,0,0
INN14302,0,0
INN31286,0,0
INN31745,0,0
INN33014,1,0
INN29558,0,0
INN02134,0,0
INN19768,0,0
INN21503,0,0
INN22662,1,0
INN13374,1,0
INN22056,1,1
INN20443,0,1
INN11276,1,1
INN13951,1,1
INN04852,0,0
INN29466,1,0
INN09352,0,0
INN22088,0,0
INN01403,0,0
INN06294,0,0
INN32512,1,0
INN18553,0,0
INN28265,0,0
INN20169,1,0
INN29680,0,0
INN21297,0,0
INN35889,1,0
INN33011,1,0
INN15538,1,0
INN18137,0,0
INN34302,0,0
INN25575,0,0
INN13828,0,0
INN17842,0,0
INN10994,0,1
INN04456,1,1
INN33170,0,0
INN10727,1,1
INN21876,0,0
INN31035,0,0
INN27280,0,0
INN36112,0,0
INN10985,1,1
INN15135,0,0
INN19975,0,0
INN01838,0,0
INN27338,0,0
INN10071,1,0
INN20524,1,1
INN29843,0,0
INN10370,0,0
INN06757,0,0
INN10425,0,0
INN13790,0,0
INN22002,0,0
INN07887,1,1
INN33054,0,0
INN23503,0,0
INN23102,0,0
INN35800,0,0
INN18407,1,1
INN04914,1,0
INN04035,1,1
INN09903,1,1
INN35145,0,0
INN13115,1,1
INN34044,0,0
INN32678,1,0
INN03243,0,0
INN29283,0,0
INN30124,0,0
INN21350,0,0
INN35395,0,0
INN24495,1,1
INN31683,1,1
INN03590,0,0
INN04986,0,0
INN21194,0,0
INN03379,1,0
INN21636,1,1
INN16805,1,1
INN30078,0,0
INN14898,1,0
INN26369,0,0
INN04593,1,0
INN16852,0,0
INN00442,0,0
INN03834,0,0
INN20398,0,0
INN12628,0,0
INN04281,0,0
INN23548,1,1
INN25232,0,0
INN05344,0,0
INN10300,1,1
INN21157,0,0
INN23840,1,1
INN33102,1,1
INN28335,0,0
INN02301,1,1
INN31863,1,1
INN12571,0,0
INN06731,0,0
INN34378,1,1
INN32274,1,0
INN09524,0,0
INN27728,1,1
INN01340,0,0
INN07295,1,1
INN12485,1,0
INN15760,0,0
INN35841,0,0
INN19904,0,0
INN27108,0,0
INN26519,0,0
INN07071,0,1
INN12987,0,0
INN13296,0,1
INN28714,1,1
INN14914,0,0
INN09073,1,1
INN28036,0,0
INN28669,1,0
INN12494,0,0
INN14561,1,1
INN01641,0,0
INN21308,0,0
INN21295,1,1
INN25266,1,0
INN29481,0,0
INN06187,1,1
INN17897,1,1
INN31426,1,1
INN17252,0,0
INN28053,0,0
INN03943,0,0
INN23982,0,0
INN28710,1,1
INN25372,1,1
INN27257,0,0
INN06552,0,1
INN12139,1,1
INN10792,1,0
INN24388,1,1
INN32241,0,0
INN11029,1,1
INN29791,0,0
INN14582,0,0
INN18340,0,0
INN00197,1,0
INN07881,0,0
INN11544,1,0
INN27635,0,0
INN07948,0,0
INN24136,1,1
INN19906,0,1
INN17955,0,1
INN00734,0,1
INN21500,1,0
INN29263,0,0
INN08291,0,0
INN24626,1,1
INN16695,0,0
INN27740,0,0
INN32461,0,0
INN23606,0,0
INN07290,0,0
INN04286,0,0
INN27542,0,0
INN07337,0,0
INN09996,0,0
INN16342,1,1
INN00625,0,0
INN12537,1,0
INN35355,1,1
INN25977,0,0
INN30578,0,0
INN17368,1,1
INN11431,0,0
INN33249,0,1
INN19100,0,0
INN01595,0,0
INN10277,0,0
INN24900,0,0
INN29299,0,0
INN21748,0,0
INN19761,0,0
INN21139,1,0
INN06593,0,0
INN22086,0,0
INN23023,1,0
INN25660,0,0
INN06391,0,0
INN28824,0,0
INN25022,1,0
INN21787,0,1
INN34357,0,0
INN02072,1,1
INN06761,0,1
INN00458,0,0
INN27552,1,0
INN06586,0,0
INN32235,0,0
INN10422,0,0
INN17978,1,0
INN18635,0,0
INN34148,0,0
INN24962,0,0
INN21429,1,1
INN07304,0,0
INN09739,1,1
INN05347,1,1
INN32015,0,0
INN34147,0,0
INN15045,0,0
INN10658,1,1
INN13053,1,1
INN24062,0,0
INN35881,0,0
INN25132,1,0
INN35132,1,1
INN26847,0,0
INN05479,0,0
INN24964,1,0
INN17412,0,0
INN20966,1,0
INN32721,1,1
INN30437,0,0
INN08500,1,1
INN16398,0,0
INN32901,1,1
INN32622,1,1
INN14454,0,0
INN01682,0,0
INN12981,0,0
INN10344,0,0
INN25320,1,1
INN04238,0,0
INN23944,0,0
INN16766,0,0
INN26301,0,0
INN12779,0,0
INN23193,0,0
INN30795,1,1
INN32268,1,1
INN04420,0,0
INN04557,1,1
INN13489,0,0
INN00567,1,0
INN21915,1,0
INN25295,0,0
INN19136,1,1
INN02753,1,1
INN02961,0,0
INN32950,0,0
INN10922,1,1
INN20202,1,1
INN33076,1,1
INN30820,0,0
INN22074,0,0
INN28659,0,0
INN01449,1,1
INN09762,1,0
INN18042,0,0
INN22221,0,0
INN18796,0,0
INN28169,0,0
INN32251,0,0
INN08280,0,0
INN26323,1,1
INN08484,1,0
INN02677,0,0
INN01378,0,1
INN19127,0,0
INN34194,0,0
INN31245,0,0
INN24117,0,0
INN11129,0,1
INN02300,1,1
INN08846,1,1
INN10429,1,1
INN23308,0,0
INN24185,1,1
INN28992,1,1
INN14325,0,0
INN17380,0,0
INN34126,0,0
INN26977,0,0
INN23406,0,1
INN25152,1,1
INN29205,0,0
INN12089,0,0
INN23718,1,0
INN05173,0,0
INN18036,1,1
INN26667,1,1
INN06003,1,0
INN20796,0,0
INN05019,1,0
INN29941,1,1
INN15571,0,0
INN01180,0,0
INN32242,1,1
INN13034,0,0
INN24803,1,1
INN32019,1,1
INN18329,0,0
INN14284,1,0
INN23883,1,1
INN25643,1,1
INN30099,1,0
INN28682,0,0
INN07946,1,1
INN12427,0,0
INN21061,0,1
INN09677,0,0
INN04878,0,0
INN18915,0,0
INN34648,1,1
INN25201,0,0
INN17692,0,0
INN18594,1,0
INN30991,0,0
INN12239,0,0
INN19059,0,0
INN25491,0,0
INN18847,0,0
INN08355,0,0
INN33390,0,0
INN33807,0,0
INN28570,0,0
INN14778,1,1
INN08311,1,1
INN21158,0,0
INN19712,0,0
INN28463,1,0
INN33479,1,1
INN17929,1,1
INN24410,1,0
INN19111,0,0
INN10926,0,0
INN12288,0,0
INN06109,0,0
INN18271,0,0
INN12729,1,1
INN25885,1,1
INN00759,0,0
INN18839,1,1
INN03567,0,0
INN34165,1,0
INN06984,0,0
INN05361,0,0
INN07205,0,0
INN04411,1,0
INN16621,0,0
INN12784,1,0
INN35911,1,1
INN19388,0,0
INN31232,0,0
INN05860,1,0
INN34577,1,1
INN30864,1,1
INN19853,1,1
INN05922,1,1
INN09518,0,0
INN14387,0,0
INN18528,0,0
INN22863,0,1
INN31816,0,0
INN02276,0,0
INN15506,0,0
INN34694,0,0
INN07325,0,0
INN14448,0,0
INN21753,1,1
INN07025,0,0
INN26180,1,0
INN28084,0,1
INN10804,0,0
INN27432,1,0
INN04845,1,1
INN36022,0,0
INN33600,0,0
INN27336,0,0
INN03221,1,1
INN05328,0,0
INN30192,0,0
INN30228,0,0
INN34071,1,1
INN32859,0,0
INN04950,1,1
INN10036,0,1
INN33154,0,0
INN16636,1,1
INN13757,1,1
INN22308,1,1
INN28384,0,0
INN20121,0,0
INN20258,0,0
INN21654,0,0
INN18869,0,0
INN36234,0,0
INN16070,0,0
INN22730,0,0
INN10477,0,1
INN03987,1,1
INN30774,1,0
INN11301,1,1
INN14041,0,0
INN15392,0,0
INN28241,1,1
INN19081,1,1
INN09415,0,1
INN14814,0,0
INN13036,1,1
INN19443,0,0
INN08134,0,0
INN26547,0,0
INN24069,1,0
INN34086,1,1
INN28584,0,1
INN14093,0,0
INN29594,0,0
INN19107,0,0
INN11866,0,0
INN35232,0,0
INN21259,0,0
INN33072,0,0
INN15253,0,0
INN35055,0,0
INN08384,1,1
INN23294,0,0
INN22198,0,0
INN33015,1,1
INN07307,1,1
INN20586,0,0
INN36223,0,0
INN32909,0,0
INN14422,0,1
INN11800,0,0
INN04520,0,0
INN03039,0,0
INN24994,1,1
INN31397,0,0
INN34324,0,0
INN30098,0,0
INN21525,0,0
INN20557,1,1
INN34433,1,1
INN34445,0,0
INN08618,0,0
INN13439,0,1
INN11744,1,1
INN30108,0,0
INN22164,0,0
INN22904,1,1
INN19985,0,0
INN13518,0,0
INN22950,0,0
INN05882,0,0
INN06150,0,0
INN24762,0,0
INN14453,0,0
INN27466,0,1
INN09622,0,0
INN17114,0,0
INN08825,0,0
INN23540,0,1
INN08055,1,0
INN31756,0,0
INN32343,0,0
INN03932,1,1
INN04606,1,0
INN15579,0,0
INN07644,1,1
INN23602,0,0
INN26022,0,0
INN14635,0,1
INN16304,1,1
INN20916,0,0
INN19747,0,0
INN29647,0,0
INN11216,0,0
INN12656,1,1
INN20116,1,1
INN09993,1,0
INN13856,1,0
INN27661,0,0
INN31120,0,0
INN33345,1,1
INN22473,0,1
INN29183,0,0
INN04203,1,1
INN16622,0,0
INN07970,0,0
INN07918,1,1
INN23232,0,0
INN12435,0,1
INN25108,1,1
INN17432,1,1
INN28919,0,0
INN12262,0,0
INN31069,1,0
INN22797,0,0
INN35050,1,1
INN30690,1,1
INN14603,1,0
INN30204,0,0
INN23843,0,0
INN03489,0,0
INN25854,1,1
INN12316,1,0
INN02438,0,0
INN12300,0,0
INN02136,0,0
INN25513,1,1
INN09713,1,1
INN14144,0,0
INN26700,0,0
INN33907,0,0
INN13603,0,0
INN08529,1,1
INN03253,1,1
INN05810,1,1
INN02639,0,1
INN18443,0,0
INN09791,0,0
INN13376,0,0
INN32827,0,0
INN08780,1,0
INN00978,0,0
INN30689,1,0
INN08342,0,0
INN34315,1,1
INN31388,1,1
INN20710,0,0
INN26955,1,1
INN34023,1,1
INN31097,1,0
INN35515,0,0
INN18308,0,0
INN11428,0,0
INN01241,1,0
INN17203,0,0
INN26041,0,0
INN09296,0,0
INN05698,0,0
INN31734,1,1
INN24264,0,0
INN21739,0,0
INN26434,1,1
INN32225,0,0
INN00703,0,0
INN04521,1,1
INN27938,1,1
INN35418,0,1
INN28071,0,0
INN24037,0,0
INN15742,1,1
INN17962,0,0
INN15365,1,0
INN34674,0,0
INN09354,0,0
INN12620,0,0
INN11750,1,0
INN35346,1,0
INN24906,0,0
INN22790,0,0
INN15989,1,1
INN27138,0,0
INN32238,1,0
INN25872,0,0
INN31786,0,0
INN24795,1,0
INN08903,0,0
INN23374,0,0
INN19810,0,0
INN00378,0,0
INN10332,0,0
INN01299,0,1
INN26384,1,1
INN22975,1,1
INN19211,0,0
INN27582,1,0
INN12310,0,0
INN28365,0,0
INN08501,0,0
INN04519,1,1
INN30224,0,0
INN34810,1,1
INN14698,1,1
INN17497,0,0
INN11516,0,0
INN19754,0,0
INN01035,0,0
INN10881,1,1
INN31963,0,0
INN05346,0,0
INN12291,1,1
INN17965,0,0
INN18307,1,1
INN02002,1,1
INN15326,0,0
INN36054,0,0
INN33578,0,1
INN31933,0,0
INN27984,0,0
INN12832,1,1
INN10854,1,0
INN29616,0,1
INN30086,1,1
INN18452,0,0
INN30924,0,0
INN03900,0,0
INN09452,0,0
INN01166,1,1
INN00345,0,1
INN09505,1,1
INN05677,0,0
INN03209,0,0
INN18408,0,0
INN25555,0,0
INN30851,0,0
INN00140,1,1
INN15985,0,0
INN24928,1,1
INN33083,0,0
INN30592,1,1
INN30928,0,1
INN04215,1,1
INN14403,0,0
INN12519,0,0
INN11558,1,0
INN08603,0,0
INN26960,0,0
INN31506,0,0
INN31849,0,0
INN10008,0,0
INN20647,1,0
INN06112,0,0
INN33684,1,0
INN34466,0,0
INN03646,1,1
INN05467,0,0
INN05253,0,0
INN03674,0,0
INN02230,0,0
INN28912,1,0
INN25051,0,0
INN19592,0,0
INN01283,0,0
INN32258,0,0
INN18499,0,0
INN01591,0,0
INN18054,0,1
INN01795,0,0
INN10329,0,0
INN02875,0,0
INN05654,0,0
INN21522,0,0
INN21473,0,0
INN29998,0,0
INN22120,1,0
INN07639,0,0
INN10128,0,0
INN07192,1,0
INN25446,0,0
INN21904,0,0
INN12565,0,0
INN33042,1,0
INN28692,1,1
INN01847,0,0
INN04021,0,0
INN18655,0,0
INN18894,0,0
INN31293,0,0
INN02443,0,0
INN11512,0,0
INN29728,0,0
INN25791,1,1
INN18357,0,0
INN15539,0,0
INN04385,1,1
INN01737,1,1
INN28238,0,0
INN00120,0,0
INN25913,0,0
INN23073,0,0
INN33392,0,0
INN05200,0,0
INN16065,0,0
INN11905,1,1
INN19079,1,1
INN29641,1,1
INN06482,1,0
INN24087,1,1
INN22052,0,0
INN02118,0,0
INN20593,0,0
INN09566,0,0
INN33811,1,1
INN32025,1,1
INN01198,0,0
INN06282,0,1
INN01669,1,0
INN35477,0,0
INN16316,1,1
INN11998,0,0
INN00518,0,0
INN18955,1,0
INN29370,0,0
INN27247,1,1
INN30510,0,0
INN28892,0,0
INN28422,0,0
INN06886,1,0
INN31478,1,1
INN04507,0,0
INN28884,0,0
INN01073,1,1
INN28628,0,0
INN05716,0,1
INN01276,0,0
INN09559,0,1
INN02296,0,0
INN03602,1,1
INN13063,0,0
INN08041,0,0
INN05551,0,0
INN04825,0,0
INN02745,0,0
INN30083,1,0
INN10789,1,0
INN25968,0,0
INN29437,0,0
INN09271,1,1
INN01931,0,0
INN13611,0,0
INN20221,0,0
INN30009,1,1
INN02526,1,1
INN29142,1,0
INN00641,0,0
INN27405,0,0
INN35990,0,0
INN05842,0,0
INN04347,0,0
INN05684,1,1
INN30541,1,1
INN26277,1,0
INN26982,0,0
INN25581,1,1
INN18247,0,0
INN02625,0,0
INN09986,0,0
INN27215,0,0
INN29584,1,0
INN04991,0,0
INN12948,1,0
INN20022,0,0
INN02159,1,0
INN19291,0,0
INN33179,0,0
INN22026,0,0
INN10507,0,0
INN00242,0,0
INN28114,0,0
INN07498,0,1
INN03266,0,0
INN35066,0,0
INN15772,1,0
INN12408,0,0
INN25020,0,0
INN07302,0,0
INN10138,0,0
INN17202,0,1
INN04738,0,0
INN05712,1,0
INN26518,1,1
INN06927,1,1
INN32642,1,1
INN15177,1,1
INN23355,0,1
INN21580,1,0
INN10371,0,0
INN29276,1,1
INN21716,1,0
INN05357,0,0
INN35131,1,0
INN08762,0,0
INN35806,0,0
INN30402,1,1
INN16056,0,0
INN08427,0,0
INN24824,0,0
INN21959,0,0
INN35245,1,1
INN01001,1,1
INN34187,0,0
INN14193,0,0
INN06216,1,1
INN16613,0,0
INN15519,1,1
INN05355,0,0
INN07865,0,0
INN15138,0,0
INN07031,0,0
INN10039,0,0
INN12734,0,0
INN23281,0,0
INN14223,0,0
INN04230,0,0
INN21010,1,1
INN28818,1,1
INN05713,0,0
INN17391,0,0
INN13593,0,0
INN20576,1,0
INN30053,0,0
INN33273,0,0
INN02532,0,0
INN02762,0,0
INN06716,0,0
INN13197,1,0
INN05755,0,0
INN17828,1,1
INN20741,0,0
INN19877,1,1
INN27164,0,0
INN02096,0,0
INN14984,1,1
INN03050,0,1
INN17118,1,1
INN00953,0,0
INN05825,1,1
INN29304,1,1
INN09932,0,0
INN29461,0,0
INN01663,0,0
INN07029,0,1
INN18552,0,1
INN18218,0,0
INN07719,0,0
INN20276,1,1
INN21284,0,0
INN31518,1,0
INN18930,1,1
INN09441,0,0
INN32312,1,1
INN20041,1,1
INN09147,0,0
INN12864,1,0
INN05658,0,0
INN29544,1,1
INN34586,0,0
INN28755,0,0
INN34351,0,0
INN10753,0,0
INN32320,0,0
INN16031,0,0
INN23533,0,0
INN18436,0,0
INN11748,1,1
INN20571,1,0
INN27896,1,0
INN34188,0,0
INN07894,0,0
INN29385,1,0
INN01521,0,0
INN20732,0,0
INN01244,0,0
INN25379,0,0
INN01556,0,0
INN33891,0,0
INN07034,1,1
INN11659,1,0
INN29759,0,0
INN23813,0,0
INN26495,0,0
INN09933,1,1
INN01890,0,0
INN01115,0,0
INN18537,0,0
INN03930,0,0
INN34495,1,1
INN24891,0,1
INN19047,0,0
INN11793,1,1
INN08858,0,0
INN02449,0,0
INN22545,1,0
INN01872,1,0
INN18539,0,1
INN24026,1,1
INN18290,1,1
INN12610,1,1
INN04651,1,1
INN14153,0,0
INN21721,0,0
INN08212,0,0
INN13170,0,0
INN08477,0,0
INN17116,1,1
INN24240,1,1
INN21255,0,0
INN33433,1,1
INN34076,0,0
INN09364,0,0
INN15349,0,0
INN10728,1,1
INN16356,0,0
INN08102,0,0
INN08226,0,0
INN34132,0,0
INN10981,0,0
INN28034,0,0
INN05988,0,0
INN28594,0,0
INN13538,0,0
INN17266,0,0
INN09539,0,0
INN22872,1,1
INN20123,1,0
INN28069,0,0
INN02579,1,0
INN33231,0,0
INN11859,0,0
INN34506,0,0
INN24319,0,0
INN16510,0,0
INN24186,0,0
INN08271,0,0
INN06804,0,0
INN21874,0,1
INN19982,0,1
INN05639,0,0
INN09329,0,0
INN08046,0,0
INN16000,0,0
INN35415,0,0
INN30150,0,1
INN19351,0,0
INN15342,1,0
INN24331,1,1
INN05976,0,0
INN17763,0,0
INN14665,0,0
INN09709,0,0
INN12039,0,0
INN23876,0,1
INN27822,1,1
INN00992,0,0
INN33222,1,1
INN26223,0,0
INN22412,1,0
INN02313,1,0
INN20799,0,0
INN18925,1,1
INN31347,0,0
INN25563,0,0
INN29217,0,0
INN34038,0,0
INN07101,0,0
INN33463,0,0
INN15921,0,0
INN00500,0,0
INN18838,1,1
INN28572,0,0
INN06621,1,1
INN36015,0,0
INN01306,1,1
INN01348,1,0
INN27880,0,1
INN01982,1,1
INN10666,0,0
INN21142,0,0
INN12370,0,0
INN30885,0,1
INN30959,0,0
INN05947,0,0
INN12348,0,0
INN35171,0,0
INN10315,0,1
INN26395,1,1
INN05220,1,0
INN25299,0,0
INN02908,0,1
INN09961,1,0
INN26981,0,0
INN12102,0,0
INN32447,0,0
INN31352,0,0
INN21007,0,0
INN09780,0,0
INN05549,0,0
INN15084,0,0
INN08414,0,0
INN09382,0,0
INN32781,1,0
INN17545,0,0
INN24296,0,0
INN21785,1,1
INN13200,1,1
INN07432,0,0
INN11489,0,0
INN23194,0,0
INN36240,0,0
INN07781,1,1
INN31694,1,0
INN16214,0,0
INN34143,0,0
INN06351,0,0
INN30211,0,0
INN09929,0,0
INN26671,0,0
INN01992,1,1
INN28709,1,0
INN01030,1,1
INN06272,0,0
INN20808,0,0
INN36085,1,0
INN19298,0,0
INN12061,0,0
INN35004,0,1
INN08919,1,1
INN06970,0,0
INN11189,1,1
INN35335,1,1
INN26305,0,0
INN34206,0,0
INN16719,0,0
INN15335,1,1
INN05372,1,0
INN34766,0,0
INN16542,0,0
INN06605,1,1
INN13083,0,0
INN19535,1,1
INN06437,1,1
INN21957,1,1
INN06663,1,0
INN34039,1,1
INN20489,0,0
INN02009,0,0
INN22248,0,0
INN05876,0,0
INN29365,1,1
INN19025,1,1
INN27828,0,0
INN03116,0,0
INN29350,0,0
INN29367,0,0
INN23884,1,0
INN08136,0,0
INN07752,0,0
INN04706,1,0
INN01093,0,0
INN10355,0,0
INN02169,0,0
INN30126,0,0
INN01034,1,0
INN01857,1,1
INN03190,0,0
INN30591,0,0
INN10399,1,1
INN32727,1,1
INN33808,0,0
INN31211,1,1
INN15493,1,1
INN20651,0,0
INN01079,1,1
INN33152,0,0
INN35024,0,1
INN22547,0,0
INN01184,0,0
INN04751,0,0
INN33058,0,0
INN01789,1,0
INN33585,1,1
INN35327,0,0
INN22098,0,0
INN28996,1,1
INN23671,0,0
INN16753,0,0
INN07482,1,1
INN30114,0,0
INN23920,0,0
INN29829,1,1
INN02287,1,1
INN07138,1,1
INN23339,0,0
INN34355,0,0
INN21291,0,0
INN12363,0,0
INN28485,1,0
INN21457,0,0
INN11755,0,0
INN21900,1,1
INN32031,1,1
INN15889,0,0
INN20402,0,0
INN34015,0,0
INN06747,1,0
INN29105,1,1
INN28574,1,0
INN15751,0,0
INN02139,0,1
INN02120,0,0
INN26115,1,1
INN23748,0,0
INN35402,1,0
INN04776,1,1
INN33504,1,1
INN27864,0,0
INN20530,0,0
INN00517,1,0
INN13327,0,0
INN26485,0,0
INN24885,0,0
INN35044,0,0
INN06493,1,0
INN11579,1,1
INN26336,0,0
INN28099,0,0
INN18587,1,1
INN25088,0,1
INN06905,1,0
INN17517,1,1
INN25483,0,0
INN31323,1,1
INN32538,0,1
INN04218,0,0
INN24368,0,0
INN23264,0,0
INN25512,0,0
INN17419,0,0
INN07091,1,1
INN07232,1,1
INN34381,0,0
INN00448,0,0
INN19432,1,1
INN22475,0,0
INN16208,0,0
INN02636,0,0
INN05149,1,1
INN07723,0,0
INN28214,0,0
INN04323,0,0
INN27783,0,0
INN32316,0,0
INN23618,0,0
INN07593,1,0
INN22984,1,1
INN18875,0,1
INN31403,0,0
INN16696,0,0
INN14982,0,0
INN06527,1,1
INN29261,0,0
INN14425,1,1
INN02345,0,0
INN33638,0,1
INN29928,1,0
INN07041,0,0
INN24007,0,0
INN23453,1,1
INN01119,1,1
INN32433,0,0
INN03338,1,1
INN10055,1,0
INN22245,0,0
INN23587,0,0
INN29006,0,1
INN13264,0,0
INN13884,1,0
INN32386,1,1
INN00656,0,0
INN21914,1,0
INN23614,1,1
INN12733,0,0
INN01398,0,0
INN19430,1,1
INN20874,0,0
INN35341,1,0
INN35251,1,1
INN06040,1,1
INN01397,0,0
INN18818,0,1
INN05046,1,1
INN04673,1,0
INN32695,0,0
INN11719,0,0
INN24142,0,0
INN01697,0,0
INN02347,1,1
INN30286,1,1
INN33051,0,0
INN16711,1,1
INN18526,0,0
INN09592,0,0
INN15209,1,1
INN08024,1,1
INN21368,0,0
INN17180,1,0
INN34488,0,0
INN24765,0,0
INN07331,0,0
INN13507,0,0
INN25875,0,0
INN22711,0,0
INN17664,0,1
INN23501,1,1
INN25294,0,0
INN05428,0,0
INN00597,1,1
INN12568,1,0
INN17355,1,1
INN11016,0,0
INN34895,0,0
INN03389,0,0
INN13963,0,0
INN25500,0,0
INN17844,1,1
INN14092,0,0
INN03848,0,0
INN15136,0,0
INN03508,0,0
INN15869,0,0
INN35036,0,1
INN13064,0,0
INN14494,0,1
INN25078,0,0
INN10409,0,0
INN13711,0,0
INN11045,1,0
INN02684,1,1
INN25799,0,0
INN09560,1,1
INN29615,1,0
INN30057,0,0
INN31348,0,0
INN18858,0,0
INN22941,0,0
INN01816,1,1
INN36121,0,0
INN04985,0,0
INN33485,0,0
INN34916,1,1
INN14170,1,0
INN08088,1,1
INN26193,1,1
INN26465,0,1
INN01906,1,1
INN06312,0,0
INN32013,0,0
INN15118,0,0
INN05599,1,1
INN12972,0,0
INN15114,0,1
INN33452,0,0
INN14100,0,0
INN04635,0,0
INN21454,0,0
INN27367,0,0
INN19428,0,0
INN34843,1,0
INN28923,0,0
INN10430,0,0
INN29527,1,1
INN08443,1,1
INN12891,0,0
INN23470,0,0
INN15076,0,0
INN16267,1,1
INN12036,0,0
INN35967,0,0
INN19633,1,1
INN02859,1,0
INN10338,0,1
INN01413,0,0
INN25050,0,0
INN33668,1,1
INN01324,0,0
INN12884,0,0
INN00093,0,0
INN27477,0,0
INN24430,1,1
INN31930,1,1
INN03836,0,0
INN06362,0,0
INN06001,0,0
INN26980,0,0
INN14912,1,1
INN07439,1,1
INN05815,0,0
INN10343,1,1
INN34129,0,0
INN03886,0,0
INN16484,1,1
INN06037,0,0
INN19787,1,0
INN17042,1,1
INN25887,1,0
INN18248,0,0
INN18198,0,0
INN07210,0,0
INN08887,1,1
INN23701,0,0
INN28176,1,1
INN13505,0,0
INN26595,0,0
INN31346,0,0
INN01424,0,0
INN07134,1,1
INN05101,0,0
INN06952,0,0
INN19527,0,0
INN30421,1,1
INN09499,0,0
INN36074,1,0
INN04158,0,0
INN13550,0,0
INN32638,1,1
INN07572,0,1
INN01110,1,0
INN08404,0,0
INN31492,1,0
INN33372,0,0
INN15557,1,0
INN10697,0,0
INN00964,1,1
INN33493,0,0
INN21610,0,0
INN32765,0,0
INN07475,1,0
INN02975,1,0
INN26111,1,1
INN17748,0,0
INN16170,0,0
INN10864,1,1
INN08766,1,1
INN27010,1,1
INN02852,0,0
INN12423,0,0
INN17080,0,0
INN04524,1,1
INN01248,0,0
INN34853,0,0
INN07746,0,0
INN16467,0,0
INN21833,0,0
INN02732,0,0
INN25493,0,0
INN16615,1,1
INN19968,0,0
INN13417,0,0
INN23149,0,0
INN29822,0,0
INN19284,1,1
INN16740,0,0
INN20778,1,1
INN36245,0,0
INN11193,0,0
INN21891,0,1
INN21971,0,0
INN04956,0,0
INN36224,1,1
INN20442,1,0
INN17260,0,0
INN10837,0,0
INN30776,1,0
INN09767,0,0
INN13195,0,0
INN23745,0,0
INN08023,0,0
INN21993,0,0
INN15244,1,1
INN12312,0,0
INN25083,0,0
INN24005,1,1
INN18046,1,1
INN06047,0,0
INN20832,1,1
INN03698,0,0
INN20780,1,0
INN34626,0,0
INN20087,0,0
INN29714,1,1
INN30659,0,0
INN30717,0,0
INN31888,0,1
INN35786,0,0
INN10743,0,0
INN08571,0,0
INN12952,1,0
INN06825,0,0
INN12629,0,0
INN26268,0,0
INN14760,0,0
INN35751,0,0
INN19278,0,1
INN07516,1,1
INN00757,1,1
INN08194,0,0
INN32670,0,0
INN35897,1,1
INN14332,0,0
INN21455,1,1
INN02589,0,0
INN25367,0,0
INN07769,1,1
INN30326,1,0
INN27586,1,0
INN10446,0,0
INN16516,1,1
INN18191,0,0
INN29199,0,0
INN22047,1,1
INN23128,1,1
INN01802,0,0
INN14355,0,0
INN10785,0,0
INN15074,0,0
INN20541,0,0
INN11147,1,0
INN24807,0,0
INN17055,0,1
INN12023,0,0
INN21888,0,0
INN34234,1,1
INN16089,0,0
INN00828,0,0
INN13934,0,0
INN15393,0,0
INN33462,0,0
INN05079,0,0
INN03807,0,0
INN19898,0,0
INN26813,0,0
INN29182,0,1
INN24480,1,1
INN30612,0,0
INN11667,1,1
INN33320,0,0
INN34264,0,0
INN33889,0,0
INN10546,0,0
INN07654,1,1
INN18883,1,1
INN05870,1,0
INN01132,0,0
INN21242,0,0
INN01960,0,0
INN10092,0,0
INN07268,0,0
INN24302,1,1
INN04757,0,0
INN19021,1,1
INN24997,1,1
INN00743,0,0
INN06238,0,0
INN28260,1,1
INN09654,1,1
INN35597,0,0
INN11966,1,0
INN00513,1,0
INN08284,0,0
INN23974,0,0
INN13989,1,1
INN34728,1,0
INN18033,0,0
INN09129,0,0
INN13837,0,0
INN00594,0,1
INN31365,0,0
INN00874,0,0
INN31953,1,1
INN18456,1,1
INN00335,0,0
INN07021,0,0
INN19994,0,0
INN08604,0,0
INN23894,1,1
INN09094,0,0
INN13531,1,0
INN28508,0,0
INN30588,0,0
INN20929,0,0
INN03661,0,0
INN17704,1,1
INN18050,1,0
INN14376,1,1
INN04029,0,1
INN12185,0,0
INN28062,0,0
INN12415,0,0
INN26364,0,0
INN30923,1,1
INN06428,0,0
INN13763,0,0
INN23488,1,1
INN14757,1,1
INN03819,0,0
INN28111,0,0
INN29885,0,0
INN05395,0,0
INN13402,0,0
INN00131,0,0
INN21867,0,0
INN26517,1,1
INN06759,0,0
INN04851,0,0
INN10481,0,0
INN10167,1,1
INN07933,1,1
INN31862,0,0
INN36044,0,1
INN02727,0,0
INN30831,0,0
INN33488,0,0
INN13138,0,0
INN34601,0,0
INN29551,1,1
INN35713,1,1
INN08293,0,0
INN25178,0,0
INN02835,0,0
INN34662,0,0
INN10902,0,0
INN34919,0,0
INN19416,0,0
INN27093,0,0
INN01514,1,1
INN07653,1,0
INN12152,0,0
INN03069,0,0
INN02950,0,0
INN27323,1,1
INN12441,1,0
INN29170,0,0
INN16486,1,1
INN11100,0,0
INN17019,0,0
INN06317,1,0
INN16105,1,0
INN17405,1,1
INN01604,1,1
INN14278,1,1
INN26910,1,1
INN03636,0,0
INN24101,1,0
INN34865,1,1
INN01792,0,0
INN04464,0,0
INN28262,0,0
INN34891,0,0
INN13809,0,0
INN30149,0,0
INN09682,0,0
INN01332,0,0
INN11154,0,0
INN16343,0,0
INN17363,0,0
INN31948,0,0
INN15918,0,0
INN21416,1,1
INN32939,0,0
INN34240,0,1
INN28529,0,0
INN06995,0,0
INN06479,0,0
INN19218,0,0
INN31444,1,1
INN12593,1,1
INN20365,0,0
INN31180,0,0
INN22327,0,0
INN32640,0,0
INN20960,1,1
INN09236,1,0
INN11327,1,0
INN25105,1,1
INN21953,0,0
INN00683,0,0
INN27471,0,0
INN30956,1,1
INN34084,0,0
INN29286,1,0
INN14418,0,0
INN05289,0,0
INN29234,0,1
INN17942,0,0
INN25063,0,0
INN24756,0,0
INN24258,1,0
INN18656,0,0
INN30914,0,0
INN05086,0,0
INN07603,1,1
INN23002,1,1
INN12112,1,0
INN10398,0,1
INN27529,0,0
INN15240,0,1
INN30284,0,0
INN34060,0,0
INN06529,0,0
INN33818,1,1
INN21108,0,0
INN29892,0,0
INN30734,0,0
INN33264,0,0
INN32507,1,1
INN19723,1,0
INN15323,0,0
INN07756,0,0
INN14157,0,0
INN18787,1,1
INN01764,1,1
INN11977,0,0
INN27399,1,0
INN23886,0,0
INN06157,0,0
INN24632,1,1
INN35998,0,0
INN05763,0,0
INN32534,0,0
INN02183,0,1
INN10334,1,1
INN21135,1,0
INN13765,1,1
INN10411,0,0
INN29571,0,0
INN08561,1,1
INN26034,1,1
INN00867,1,1
INN00480,0,0
INN16873,0,0
INN23321,1,0
INN03103,0,0
INN17017,0,0
INN02311,0,0
INN21460,0,0
INN34758,1,1
INN03594,0,0
INN15025,1,1
INN05537,0,0
INN26691,0,0
INN24970,0,0
INN00777,0,0
INN21612,1,0
INN23415,1,1
INN03002,0,0
INN28775,1,1
INN32326,1,1
INN14937,1,1
INN29627,0,0
INN01140,0,0
INN14903,0,0
INN15179,0,0
INN13334,0,0
INN02175,1,1
INN09335,0,0
INN19137,1,1
INN04469,1,1
INN24852,0,0
INN29799,0,0
INN24700,0,0
INN04784,0,1
INN31827,1,1
INN31126,0,0
INN21488,1,1
INN02747,0,0
INN34822,1,1
INN18907,0,0
INN25673,1,0
INN30979,0,0
INN07786,0,0
INN02565,0,0
INN28727,1,1
INN10891,0,0
INN31640,1,1
INN30115,0,0
INN32634,0,0
INN36271,0,0
INN03736,1,1
INN12849,0,0
INN09646,0,0
INN29168,0,0
INN13624,1,1
INN30585,1,1
INN23408,0,0
INN10874,0,0
INN22675,0,0
INN04752,1,1
INN18006,0,0
INN23363,0,0
INN33955,0,0
INN26629,1,0
INN31410,1,1
INN07403,0,0
INN04999,0,0
INN12052,1,1
INN33745,0,0
INN29267,0,0
INN05485,0,0
INN32588,0,0
INN27846,0,0
INN34554,0,0
INN22255,0,0
INN31740,1,0
INN02618,0,0
INN06416,1,1
INN28215,0,0
INN06827,0,0
INN22122,0,0
INN30073,1,1
INN21722,0,0
INN02848,0,0
INN34347,0,0
INN28621,0,0
INN03026,0,0
INN25719,0,0
INN07267,0,0
INN26410,0,1
INN08752,0,0
INN15460,0,0
INN25715,0,0
INN09399,0,0
INN30744,0,0
INN05465,0,0
INN32787,1,1
INN01419,0,0
INN14833,0,0
INN00781,0,0
INN23144,0,0
INN33662,0,0
INN24249,1,1
INN10199,1,1
INN12650,0,0
INN33932,0,0
INN27771,0,0
INN10825,0,0
INN07404,0,0
INN29613,1,1
INN31990,1,1
INN32920,1,1
INN26998,0,0
INN31179,0,0
INN11839,0,0
INN23400,0,0
INN34094,1,0
INN22171,1,1
INN26659,0,0
INN24431,1,1
INN16317,1,0
INN35942,0,0
INN33403,0,0
INN07194,0,0
INN22039,1,1
INN36129,1,1
INN23474,1,0
INN15667,0,0
INN27580,0,0
INN27070,1,1
INN05554,1,1
INN15416,0,0
INN29994,0,0
INN21277,0,0
INN21237,0,0
INN22436,0,0
INN06127,1,0
INN33725,1,0
INN03249,1,1
INN05305,1,1
INN23925,0,0
INN22573,0,0
INN12569,0,0
INN06233,0,0
INN30859,0,0
INN04041,1,1
INN33575,0,0
INN03586,0,0
INN22813,1,0
INN14683,0,0
INN00981,0,0
INN30490,1,0
INN07641,0,0
INN19835,0,0
INN10823,0,0
INN24409,0,0
INN07681,0,1
INN15146,0,0
INN21708,1,0
INN26362,1,1
INN04590,1,1
INN07600,0,0
INN13696,1,0
INN09976,1,1
INN29016,1,1
INN03059,1,1
INN22266,1,1
INN32358,0,0
INN17760,0,0
INN29830,1,1
INN29950,0,0
INN16414,0,0
INN17506,1,0
INN24391,0,0
INN29768,0,0
INN22632,0,0
INN10830,0,0
INN18170,0,0
INN18885,1,1
INN10646,1,1
INN14015,0,0
INN23754,0,0
INN09535,0,0
INN27621,0,0
INN13209,1,0
INN34256,0,0
INN18417,0,0
INN23376,1,1
INN06389,0,0
INN06481,0,0
INN19086,1,1
INN00267,0,0
INN04406,1,1
INN28095,0,0
INN16584,0,0
INN05778,1,1
INN18630,1,0
INN07150,0,0
INN03843,0,0
INN20392,0,0
INN34435,0,0
INN35689,0,1
INN32151,0,0
INN19294,1,1
INN05688,1,1
INN25666,0,0
INN19688,0,0
INN10099,0,0
INN00791,1,1
INN29200,0,0
INN21803,0,0
INN32032,0,0
INN26055,1,1
INN08154,0,0
INN14201,1,1
INN19790,0,0
INN01443,1,1
INN09852,1,0
INN30782,0,0
INN15728,0,1
INN25436,1,0
INN25174,0,0
INN25595,1,1
INN14189,0,0
INN23689,1,1
INN34056,0,0
INN05196,0,0
INN05387,0,0
INN03616,0,0
INN17498,0,0
INN04563,1,1
INN11685,1,1
INN09001,0,0
INN04179,0,0
INN14074,0,0
INN28978,0,0
INN21179,0,0
INN11478,0,0
INN33971,1,0
INN33727,0,0
INN20490,1,0
INN31583,0,0
INN05437,0,0
INN22562,0,1
INN15948,0,0
INN01338,0,0
INN33287,0,0
INN09871,0,0
INN05562,0,0
INN35877,1,1
INN08593,0,0
INN32079,0,0
INN18903,0,0
INN33164,1,1
INN03036,0,0
INN07824,0,0
INN30567,0,0
INN07556,0,0
INN09772,0,0
INN05071,0,0
INN31299,0,0
INN35559,0,0
INN07137,0,0
INN21966,0,1
INN19396,0,0
INN18912,0,0
INN28348,0,0
INN34344,0,0
INN30826,1,0
INN15764,0,0
INN14122,0,0
INN30240,0,0
INN10888,0,0
INN22130,1,1
INN10431,0,0
INN35783,0,0
INN14345,0,0
INN33548,0,0
INN14108,0,0
INN21384,1,1
INN11450,1,0
INN23733,0,0
INN01304,0,0
INN06014,0,0
INN25577,0,0
INN16282,0,0
INN04868,0,0
INN06913,1,1
INN21019,1,1
INN17100,1,0
INN19729,0,0
INN01632,1,0
INN23697,0,0
INN26697,0,0
INN33438,0,0
INN00891,0,0
INN08440,1,1
INN10899,0,0
INN06676,0,0
INN12156,0,0
INN32161,0,0
INN19743,1,1
INN13367,0,0
INN02731,0,0
INN03955,0,0
INN09302,1,1
INN07469,0,0
INN22054,0,0
INN15028,0,0
INN29942,1,1
INN07818,0,1
INN01465,1,0
INN00362,0,0
INN19007,0,0
INN31597,0,0
INN01431,0,0
INN14262,0,0
INN02384,0,0
INN00492,0,0
INN04818,1,1
INN28253,0,0
INN28403,0,0
INN16890,0,0
INN05166,0,0
INN07452,0,0
INN27273,0,0
INN33994,0,0
INN20273,0,0
INN31003,0,0
INN12120,0,0
INN24086,0,0
INN07846,0,0
INN20604,1,0
INN11784,0,0
INN06503,0,0
INN35007,0,0
INN09017,1,1
INN08363,1,0
INN00822,0,0
INN12995,1,0
INN05287,0,0
INN18872,1,1
INN10610,1,1
INN07023,0,0
INN08758,0,0
INN05990,1,0
INN15192,0,0
INN24251,0,0
INN18599,0,0
INN16937,1,1
INN12245,1,1
INN10942,0,0
INN24630,0,0
INN30904,0,0
INN20286,1,1
INN06396,0,0
INN24411,1,0
INN23901,1,0
INN26825,0,0
INN08278,1,0
INN18369,1,0
INN29744,0,0
INN18531,0,0
INN29509,1,1
INN22381,0,0
INN21862,0,1
INN05122,1,1
INN08898,0,0
INN11680,0,0
INN05837,0,0
INN12548,0,0
INN30287,0,0
INN17342,0,0
INN34323,1,1
INN08058,1,0
INN23004,0,0
INN33272,1,0
INN10466,1,1
INN31226,0,0
INN03595,1,0
INN08373,0,1
INN17883,1,1
INN10500,0,0
INN07529,0,0
INN20692,0,0
INN05788,0,0
INN27603,0,0
INN18176,0,0
INN03862,1,1
INN00217,0,0
INN20679,1,1
INN22182,1,0
INN19834,1,1
INN23283,0,0
INN13821,0,0
INN08479,0,0
INN13923,1,1
INN13460,1,1
INN14881,0,0
INN28737,0,0
INN25011,0,0
INN14021,0,0
INN14658,0,0
INN35654,0,0
INN10689,1,0
INN00776,0,0
INN07882,0,0
INN04963,1,0
INN06528,0,0
INN34644,0,1
INN28782,0,0
INN35441,0,0
INN30001,1,0
INN20452,0,0
INN01457,1,1
INN20150,0,0
INN00658,0,0
INN15748,0,1
INN03092,0,0
INN08376,0,0
INN24845,1,1
INN17225,0,0
INN03456,0,0
INN35127,0,0
INN30186,0,0
INN09562,1,0
INN24680,0,0
INN09793,0,0
INN32077,0,0
INN28957,1,0
INN01724,0,0
INN27801,0,0
INN04690,0,0
INN27873,0,0
INN33853,0,0
INN31709,1,0
INN05647,1,1
INN03786,1,1
INN25207,1,0
INN09104,0,0
INN12014,0,1
INN09061,0,1
INN20659,0,0
INN35498,1,0
INN30856,0,0
INN03800,0,0
INN06858,1,1
INN26766,0,0
INN18921,0,0
INN18311,0,0
INN18524,1,1
INN35021,1,1
INN30148,1,1
INN16359,0,0
INN01901,0,0
INN21434,1,1
INN06049,0,1
INN14955,0,0
INN15014,1,0
INN18398,0,0
INN21682,0,0
INN28689,0,0
INN01230,0,0
INN17024,0,0
INN02295,1,1
INN06129,0,0
INN05875,0,0
INN30217,0,0
INN15100,1,0
INN35339,0,0
INN08358,0,0
INN02237,0,0
INN18761,0,0
INN31279,0,0
INN21267,1,0
INN29541,1,1
INN01148,0,0
INN15299,1,0
INN08472,1,0
INN15674,1,0
INN32826,1,1
INN18336,0,0
INN08890,1,1
INN27585,1,1
INN15047,0,0
INN00574,0,0
INN33862,0,0
INN22645,1,1
INN29910,0,0
INN07782,1,1
INN04901,0,0
INN26265,1,0
INN30140,0,0
INN09732,1,1
INN03283,1,0
INN14980,0,0
INN02857,0,0
INN17278,1,0
INN22893,1,0
INN24693,0,0
INN10406,0,0
INN02768,1,1
INN29523,0,0
INN25061,0,0
INN08475,1,1
INN13558,0,0
INN00626,0,0
